EN,MI,SD,SF,AG,SSIM,MS_SSIM,Qabf,VIF,SSIM_hm,MS_SSIM_hm,Qabf_hm,VIF_hm,MI_hm,Nabf,SCD,CC,PSNR,Balance,MI_A,MI_B,SSIM_A,SSIM_B,method,stem
6.091105266408874,1.4045560240773813,16.938079330364378,18.363942137877405,11.820947328429364,0.25521781964435,0.663275558392622,0.2400261781375672,0.023275525805529818,0.10429916740687087,0.6387564632356175,0.15990395675595145,0.012060692362996107,0.3367993853876014,0.0746627402589124,1.0777609112922337,0.5346511092685917,25.247368174446407,0.13059399399016428,0.19565428246499827,1.208901741612383,0.05896000612419144,0.45147563316450856,MDFNet,02-A02
6.078382694104933,1.0323817010564387,16.4516504225616,17.95411555175479,11.314660920849397,0.3565431548182529,0.6005451745883434,0.2132068485529639,0.024312679178269604,0.3001984635675576,0.5442875198813699,0.15335740288493588,0.013871461151609714,0.28464838373530615,0.08503819875478823,1.178492310558021,0.43830701937275374,24.873397560317553,0.43109578370173507,0.17047405477302924,0.8619076462834094,0.21480637774263528,0.4982799318938705,MDFNet,02-B08
6.344502890337397,1.8205698561909376,19.927997693168543,19.126758411839738,11.960303543891936,0.3680191590554378,0.7265611836475856,0.25079614217505314,0.023695153331391654,0.31976780488006246,0.7104645692632348,0.10942005740309513,0.0038882450007225577,0.13694778275205824,0.08957969102923376,0.7934998623390875,0.5082019668891834,25.87235755760642,0.4683290513730283,0.07126338621321082,1.7493064699777268,0.23476217879958888,0.5012761393112867,MDFNet,02-C08
5.606966375826965,1.3144275042037954,12.19823187461785,17.59481124958352,11.599859547882366,0.25633503803567065,0.7522234463352877,0.27114368637027214,0.02320174595645603,0.13524344021079857,0.7316191341769386,0.13742142240086677,0.008191096095265577,0.26777206648317986,0.18060398000077868,0.8529649285208879,0.4398447142899615,27.52459094530021,0.1853182479863841,0.15130226633549881,1.1631252378682966,0.0801532588011575,0.4325168172701838,MDFNet,02-D09
6.1671384820618895,1.8556224970009811,18.00820346119224,17.160198691601792,11.248795638779395,0.36896236407414673,0.813483726491695,0.23301206276618716,0.022510263554059502,0.3405582184782982,0.8059193526165275,0.12423030318662961,0.005808893750837126,0.36188805982389644,0.12992932543903463,0.8854673184417281,0.5370918896206639,28.157604612137046,0.5656071823448717,0.20319417704729226,1.6524283199536889,0.26659019642809884,0.4713345317201946,MDFNet,02-E11
5.364263101659482,1.3599507141429985,16.909828127615057,13.630046360136793,8.714267331936593,0.30416426196346014,0.7659216707562149,0.23158825880216594,0.0224264537336675,0.29754200448009827,0.7659212586786596,0.22863103035594529,0.013855360004428906,0.5575405077864954,0.13147574546240903,1.3721761416870333,0.6250094832799495,22.642398244319963,0.7428384309921353,0.3914399513401303,0.9685107628028682,0.34904470380574565,0.2592838201211747,MDFNet,03-B01
6.494449397286184,1.8625320455486367,23.62200148780645,18.805668342906312,12.031956004916776,0.2660342650479709,0.5602009945799098,0.4183523540951121,0.03200642409485887,0.08333691156504454,0.4308343237938825,0.16231219578794984,0.012121965745058942,0.2103392374935878,0.06303234050750398,1.1579604162452324,0.45766938656189776,27.468081253386572,0.09367310024546323,0.11189149300184553,1.7506405525467912,0.04557166921811212,0.48649686087782973,MDFNet,03-C09
6.133815317141976,1.4108797396594,17.199504528464193,18.00925731344996,11.756138051924774,0.2686618393876161,0.6525412655021114,0.30995189692955544,0.025176720231072383,0.13259751933607428,0.6059618720481832,0.2129004785838582,0.009603148922565578,0.30690969881408536,0.08325927264615512,1.1719051256080015,0.5148950183631766,27.49476279288375,0.16846017837056043,0.17521437820895258,1.2356653614504474,0.0774674605474616,0.4598562182277706,MDFNet,03-E06
6.1190890628492465,1.5471312930808097,16.946700909711293,17.82076265352557,11.682472313427628,0.2602127642708663,0.6660540636540576,0.2886563784395304,0.02448851378536471,0.11491149906605419,0.6241146689275878,0.12240080056470723,0.010052731181451975,0.32349940705812574,0.09071414776362326,0.7511354824999883,0.5538395501632813,26.733027535410333,0.14465084234961442,0.18351837595005804,1.3636129171307516,0.06576677210080793,0.4546587564409247,MDFNet,03-F07
5.846376276430592,1.072299573448861,14.336088982799723,17.62640306394179,11.613245063258086,0.2731946206103682,0.691469568505912,0.2169987255744116,0.020859210625837492,0.14330912532011664,0.663070103373188,0.130855142102946,0.006968119843978738,0.25409202383536633,0.08921761839085611,0.8347995911967947,0.5107495918347161,26.76194180422803,0.18377107654702696,0.1472729303586373,0.9250266430902236,0.08482259877960363,0.46156664244113277,MDFNet,04-C12
6.271467324440486,1.6685332635779577,19.092706709641384,18.220486046292535,11.826041842482494,0.25706172825143075,0.651739618258625,0.3545209212584948,0.027936634723063073,0.12157271841533972,0.6031661875756774,0.2312499276026163,0.014552136346365875,0.2855439755265462,0.1091874199710454,1.138694797801655,0.5540737216538892,27.87226434404691,0.1587522525516294,0.15767147792933045,1.5108617856486273,0.07043633065629992,0.4436871258465616,MDFNet,04-F04
5.926243581360107,1.100563331155362,15.03562905884226,17.163725861212892,11.312890526104724,0.2998783548565662,0.6574014627334865,0.2871098021693045,0.025271910810769915,0.1706983495169829,0.6199018024793541,0.1774275106953873,0.01212870397491874,0.31953118251321466,0.0573409031702445,0.8973834552942218,0.5282981520217624,26.449517919316605,0.20748572405952276,0.1939422765767329,0.9066210545786291,0.1030579100811398,0.4966987996319926,MDFNet,04-H07
6.23865542905476,1.3671450949435062,18.493444812805308,18.842730986365048,12.127775664237605,0.2846777454589742,0.6074457621102449,0.28665895293382915,0.0265028969961838,0.14332070107641623,0.5529978342703985,0.15035535703046687,0.0072050883464078105,0.25947316440945467,0.06584136521501958,1.1349596864715399,0.4959284829915008,25.863639120529697,0.17325186670090742,0.14514641914856874,1.2219986757949375,0.08407564003739404,0.48527985088055436,MDFNet,05-B02
5.751240627966526,1.0793901515501059,13.19375534934937,18.217870651451904,11.79045075675508,0.2768872859031419,0.7575081797675485,0.23719381188237976,0.02180916249537405,0.2216884322861759,0.7335176971458367,0.15537944105089913,0.00764545244882921,0.20288292515569722,0.2543948804052049,0.8421322392385933,0.48524069965079086,28.103734740693014,0.38265557446181714,0.11334327367909403,0.9660468778710118,0.15325937334709108,0.4005151984591927,MDFNet,05-D09
5.887438234693255,1.115201436061584,14.452850664693932,17.74433869704652,11.622537949450777,0.2633181339573009,0.6712132634746228,0.14926459194791034,0.01804381661853486,0.1561690290640245,0.6458056124823007,0.11705432251551935,0.009692153509533773,0.32340171647100197,0.0808429108302284,0.9441310229475957,0.5165604765603993,26.662723574913297,0.22107435827732982,0.19622898223531848,0.9189724538262656,0.0953469984735737,0.43128926944102813,MDFNet,08-F07
6.625523920591675,2.9324064767495024,40.306095060943356,11.495012250390216,4.446462417813756,0.350330028240881,0.5751518456763562,0.49942097706158284,0.04541195449943248,0.32501119389876093,0.5046354021329935,0.35931465609903857,0.0202985836334478,0.6045992988958755,0.2093084504897879,1.5785179977992523,0.5727161878168773,17.145670010222183,0.5762511073839315,0.3422430583592977,2.5901634183902047,0.2561496271475478,0.44451042933421425,Retrained_LRD,02-A02
6.462213553946648,2.321750590470666,27.078460610973142,10.871407227667252,3.5998675664150777,0.4332739465772637,0.5916155709521753,0.32401325899673494,0.04006369810970365,0.43256786703803435,0.557042351352781,0.19266162352997865,0.025906852417763672,1.0045149396269175,0.13621717006777326,1.605064330317117,0.5105943871106786,15.58569198642389,0.9223952660853251,0.7348296709413837,1.5869209195292822,0.45076468322725566,0.41578320992727175,Retrained_LRD,02-B08
6.341558565965115,2.692071711727964,40.797063283629385,11.305922062510056,3.999183797526998,0.37637629301026354,0.5998631073446654,0.3200538221974917,0.033944761672552635,0.3671508758983213,0.538782517690004,0.07083254875322184,0.005364723654440049,0.28627627235062547,0.18258534933175297,1.1143879112865598,0.5454672240401782,15.62196005848615,0.7292655266769207,0.1516848195248084,2.5403868922031556,0.3174506763901016,0.43530190963042553,Retrained_LRD,02-C08
4.546986611909873,2.269120729306243,15.638071939121708,10.847149022226782,2.179645250756486,0.4032437922461013,0.6972245815654132,0.32782482705127386,0.030418725071440028,0.25921956900114607,0.6961037583514582,0.21288090082537603,0.014166611323476212,0.5155625354954467,0.10582010319263983,1.1143077785213418,0.4929433047450339,14.458706964099836,0.2518526535583095,0.2965326784943514,1.9725880508118916,0.6442352318380397,0.162252352654163,Retrained_LRD,02-D09
4.3651351730057195,2.1991770304749894,16.33562790349841,10.046578298374792,1.7671733859691272,0.2450472662465995,0.6889519913961537,0.1740108963816798,0.019983844137324368,0.205125520071194,0.6855427290761388,0.07312890854837224,0.010909826131117847,0.7912829796550208,0.06234403353776107,0.7449983444249545,0.4834041120026,14.278859808478884,0.42488032679252985,0.5173435271863882,1.6818335032886012,0.34395487345693376,0.14613965903626527,Retrained_LRD,02-E11
2.4500926962888134,1.3628442776178886,13.758008931199832,9.994119830418505,1.6691760135930562,0.3421653895312252,0.6403396701906283,0.05053656647480272,0.01791865949650047,0.11576420984855468,0.599852045329241,0.043686259274234814,0.007789474399196551,0.2740896793092658,0.012270083214284744,0.6114320484886041,0.38399970349038454,18.34469975594279,0.10288110934186318,1.2082668557403933,0.15457742187749535,0.6204936989725214,0.06383708008992911,Retrained_LRD,03-B01
5.4955359380058635,2.5361603463181,31.20445359302965,11.220312115607324,3.476746428264585,0.3340790436651949,0.5044282623825685,0.39092593604174314,0.03514876796967597,0.3326886859875414,0.4167580498014039,0.1883298151876731,0.016682405412144358,0.6414248087713105,0.0948681843345364,1.1239460754309643,0.43128758369199094,17.018186359994992,0.8787956521086459,0.3766491646206145,2.1595111816974857,0.3556310589608241,0.3125270283695657,Retrained_LRD,03-C09
5.038976016657535,2.17640204713255,20.478142847064074,11.150357376246504,2.5770438036621,0.3374319042371895,0.5838952957232955,0.28075292495819715,0.029374427564808382,0.26412689594736666,0.5829872105855743,0.22988908934658156,0.02180430343819987,0.9444578765458146,0.07497814121288829,1.1931931115339305,0.4940029083588616,15.231120678545423,0.36416877008544485,0.6926995195004846,1.4837025276320652,0.4947069770788763,0.18015683139550273,Retrained_LRD,03-E06
6.231427582137705,3.007160783985009,34.56698490767023,11.113747463812043,3.6501427248453924,0.3522575236935065,0.5798295257459722,0.45485230548037164,0.040748118214556324,0.34947795247493574,0.5121245251971349,0.17004738236488312,0.01479512934473759,0.7804770010678724,0.20012229200739223,1.404000556478467,0.6107188653266584,16.646092171103934,0.8368343427016538,0.4608704227404754,2.546290361244534,0.3209665525615092,0.38354849482550385,Retrained_LRD,03-F07
5.901510763502675,2.362003153711372,23.586894746178718,11.554580604336767,3.666122758527604,0.33563383545279235,0.6337864366372941,0.3401625731793502,0.03580740891744423,0.3279908922447115,0.6075794324605622,0.17416066835434074,0.012646516214919676,0.5542388193930495,0.13387785698266724,1.3634128096423883,0.5803979050250333,15.612557304773443,0.7377661339760975,0.3206482744979908,2.0413548792133813,0.38628193850785325,0.2849857323977315,Retrained_LRD,04-C12
4.298745146550776,1.969982665842335,17.050400313987108,10.56837039081238,2.089347514596315,0.34242910007013005,0.5892344581923498,0.23917284290496754,0.03345305275277543,0.19200379591947206,0.5820840690684097,0.24190825206759503,0.03313867434893423,0.9276866024219792,0.043474048096567235,0.8662692334921169,0.4815029389022091,15.308835086539363,0.20279862415727498,0.7474104774696313,1.2225721883727036,0.5693872493578025,0.1154709507824576,Retrained_LRD,04-F04
5.808833443615951,2.0855609755804796,25.498426885802658,12.251791846715191,3.855163365524586,0.32206790893291115,0.5995115831129909,0.42176326549646165,0.03939628303367058,0.3114941316640879,0.5831003970327336,0.28971517698242083,0.027521048245271167,0.9422413988195529,0.11275114422133382,1.4932297089036788,0.6007625485062964,15.338116209036967,0.693203434843304,0.7189901231423104,1.3665708524381692,0.3804243510322392,0.26371146683358304,Retrained_LRD,04-H07
6.203689925172509,2.56699576008179,29.14259651368768,12.11595328961938,4.245232469665587,0.3282247930264546,0.5516076065665355,0.36229577756832354,0.036401898256883794,0.3276227729056112,0.4843459948335789,0.13154547762487218,0.009071440405738871,0.6118340976226938,0.1387989638797546,1.441913850824182,0.5202865160159694,16.319588201913604,0.9178632618970473,0.3550157634473603,2.2119799966344296,0.3141678399582556,0.3422817460946535,Retrained_LRD,05-B02
2.9948909149442846,1.8574344661752784,10.94657613868674,9.849809101668475,1.1932117673335838,0.3699102721848819,0.6526389691614954,0.06101095951183208,0.019313884473897792,0.132410624852963,0.6040889125512953,0.0582600799647708,0.012944386702278831,0.3552822955067095,0.01794482410805301,0.24254869573376459,0.2517209332207633,15.6011558535685,0.1103227024514518,1.6584835714357054,0.19895089473957306,0.6663112829597502,0.07350926141001363,Retrained_LRD,05-D09
6.302808623215044,2.2952824436125727,28.941150180545492,11.500765571015933,3.8871466184187713,0.3301387370502841,0.6249226322372519,0.2474530319520418,0.031141945139395368,0.33008085076582155,0.6146883978875923,0.1895053591194228,0.015025130278945678,0.5546958389955102,0.14291438465003936,1.5429575403541933,0.5913853740620689,16.053207830781165,0.9738629487483914,0.3227239146818963,1.9725585289306764,0.3257671807090011,0.3345102933915671,Retrained_LRD,08-F07
6.726337728349789,1.691323482871061,26.04079538856144,17.7354215582172,11.019101420931152,0.3091532119301525,0.6449619362435333,0.20131689685074994,0.02925526328117143,0.07880500475417095,0.5162258436168914,0.12101054364314857,0.011593641715924065,0.2630760528884523,0.38519311147221436,1.190005859554463,0.490093363219044,14.82428757031483,0.07342881974779063,0.14375688469771042,1.5475665981733506,0.042295781621744376,0.5760106422385606,Retrained_old,02-A02
6.593304689424197,1.4608381119735299,23.594630154732943,18.499231399384243,11.561606820293594,0.3598826711290539,0.5944679134234337,0.17342017969222534,0.03070140660250087,0.23457047908951043,0.4102850096289752,0.10151594432630656,0.01359126124593788,0.3209369489568151,0.426389511087998,1.3033259709578164,0.4230912233656479,17.740241818512416,0.2577926525358471,0.1835246109059181,1.2773135010676118,0.1475205125502999,0.5722448297078079,Retrained_old,02-B08
6.901469710761318,1.8727429799471693,29.902406834979683,17.84287967687095,11.047708978391007,0.36406451328862177,0.6991322900925057,0.14402175776769777,0.024383656123195836,0.2738806385537073,0.6244743099429267,0.06615983580920165,0.0040823568468464615,0.17514288527314847,0.3543962142859085,0.9995162870428573,0.5434877291827664,16.670811352919543,0.33537312080325704,0.09210093926495055,1.7806420406822188,0.1828664215165265,0.545262605060717,Retrained_old,02-C08
5.779736008366523,0.8765041572055594,13.508657051921306,20.231990194383716,12.908512209288814,0.23604555803503963,0.7422207744497011,0.10818712919618854,0.02018065946149971,0.08214667442937071,0.6912034926037929,0.061897524147850526,0.006760654879157892,0.1462584741749816,0.5260707038176654,0.5493599796545183,0.33874096164351186,16.367566992354718,0.10652654349119056,0.08052759792078845,0.795976559284771,0.045448737857813865,0.4266423782122654,Retrained_old,02-D09
6.379825866121571,1.5164479772872586,20.744512770295323,22.219664963782986,13.943748770130245,0.2581544177718558,0.7977505707891758,0.06444405803318758,0.01919498864601001,0.20708440515607593,0.7831384366097234,0.05060807702884178,0.005058030237172334,0.3477917231363818,0.7284838696442675,0.8376817878073074,0.5012035831254782,19.381056392386622,0.38429581281759556,0.20037132940380253,1.316076647883456,0.1433330374786892,0.37297579806502246,Retrained_old,02-E11
6.066414463172698,0.9433654880463447,17.42815153745961,25.558588153787788,15.638996644032602,0.1811506030198067,0.7284032577240536,0.06546201366101727,0.018335121159531887,0.10022644551760555,0.7055814353329338,0.06581294961010278,0.00778525514405862,0.3644360925548715,0.5972889586565635,0.8758733332184825,0.46339285192334145,19.627324258899634,0.19877236062226075,0.246768549602578,0.6965969384437667,0.06007434634495921,0.3022268596946542,Retrained_old,03-B01
6.881865141085838,1.9227657731950654,30.66160418083371,20.30121591133977,12.443400287657521,0.30355706376263175,0.47974803309500186,0.22479872194017617,0.033658203746638214,0.04686722222160456,0.0617530652325648,0.07179159769777754,0.012675648603178035,0.22734971384492814,0.38174289583913196,1.0391314252305954,0.4178624855191151,15.989165795558971,0.04190072733805419,0.1213311438582867,1.8014346293367787,0.024415496460502003,0.5826986310647615,Retrained_old,03-C09
6.390095645486149,1.3715957748439074,20.452211974602395,21.108415207150674,13.251007414025906,0.25223710169696195,0.5448619432782043,0.1221449170475457,0.02463208176319878,0.07594863032449325,0.28863590802529643,0.0934940120051929,0.008507597301944546,0.284212230070163,0.5284917492867778,0.7715006204583501,0.3891322082771106,16.981701645704174,0.08932325419940387,0.1610059329954261,1.2105898418484813,0.04136630456853226,0.4631078988253916,Retrained_old,03-E06
6.601120289406856,1.7140294791698985,23.605730862863773,18.6466917785055,11.655206203503026,0.2942799083460006,0.6557026721096734,0.18692877279702078,0.03032919526846901,0.07524459346442458,0.5276499892167951,0.06900610672096925,0.010565469218410306,0.28517134865054405,0.4744055992838864,0.8047514476967947,0.5285552242631951,15.779302333400189,0.07369077817452721,0.1569588741248964,1.557070605045002,0.04039471305512198,0.5481651036368792,Retrained_old,03-F07
6.231830062491086,1.1225620551792037,18.594397383661377,19.834753272123347,12.604214519711572,0.26576703086123815,0.6862154753569549,0.14342807224437676,0.022394643101056665,0.08419528795163768,0.6050570145661203,0.07924524500566592,0.006363210219719636,0.2582767904288639,0.4367525336674286,0.9730332636734755,0.5133985123324027,16.29404907608055,0.09495536895845699,0.14888494419697018,0.9736771109822335,0.046095041291824485,0.4854390204306518,Retrained_old,04-C12
6.362496167486219,1.2835647905798453,20.142924517117397,21.692021051240275,13.582785693113081,0.24671584393240908,0.6461905279306125,0.12732027581002328,0.026140387913212385,0.06355607670718831,0.5431390946752143,0.09274614162850381,0.009930013374373757,0.18413345073665588,0.5268467709789678,0.8522715071534126,0.46730636364189726,16.615878119509112,0.07433224911468304,0.09983125742111021,1.183733533158735,0.034140171416869466,0.4592915164479487,Retrained_old,04-F04
6.296419636950203,1.1442857339145753,19.38360950222858,20.83152955275977,13.145955797509345,0.2834545055295344,0.4799189930469176,0.19928210727486187,0.026215731815936328,0.10747653879702315,0.07708092373324026,0.08908405593224897,0.01085285177136708,0.3054536829944149,0.3829308445491305,0.24792183245278404,0.30561974988852936,17.229399415900232,0.11861222009886875,0.18152244468136836,0.962763289233207,0.06011228483614014,0.5067967262229286,Retrained_old,04-H07
6.6176311366799885,1.5523129468398071,23.94630443448603,20.046737598425846,12.517266782167592,0.30218952510178804,0.6077191520972494,0.19976808474595206,0.029028390877311953,0.09154505446493037,0.45313866014420745,0.08276984330695973,0.0068285158962668865,0.2633863675751746,0.36487127461597946,1.1481416596968286,0.4607762289899785,16.88974675894642,0.08997666467189393,0.1452921163449492,1.407020830494858,0.04989098656644585,0.5544880636371302,Retrained_old,05-B02
5.8412079152403305,0.792158570775964,14.315956448742627,23.239663848840042,14.553837899395718,0.20509904611143226,0.736789139188156,0.04578544881600336,0.020127144216004835,0.10627935573488113,0.7000868251707413,0.040245988524079096,0.0060811568260120685,0.12673724167321482,0.8038820292602492,0.5146690429041513,0.34939991269160325,18.319811990402716,0.1805479394114906,0.06945901014548639,0.7226995606304776,0.06273393720739735,0.3474641550154672,Retrained_old,05-D09
6.34013796815779,1.190434321952937,19.698130993957296,19.858574072175614,12.479904994361895,0.2543746998111728,0.4674978674137541,0.09976974213625525,0.019534630639444293,0.08427869918696762,0.08057727515651468,0.07991352930916731,0.009253735296409556,0.314886437071703,0.3810232245298884,0.27066412973471327,0.288823372890202,16.192861278927015,0.10027323194509119,0.18673502230076977,1.0036992996521672,0.046364798369286496,0.4623846012530591,Retrained_old,08-F07
5.715854885869158,3.993194370008016,17.21889046289802,4.028198378056985,2.0104229551955775,0.4290054010822259,0.7074186601721565,0.43635706016866815,0.09434183105346375,0.19597863224149992,0.6930282960277238,0.322743126012873,0.02461875414570693,0.5420096468625624,0.0004089208799411945,1.4878061970480956,0.6661623983790528,57.13326491229588,0.15140593455697557,0.29241838452703917,3.700775985480977,0.112825480104611,0.7451853220598408,Avg,02-A02
5.909650258548446,1.8210834984720137,17.706742592690954,4.828560951326955,2.5507206079226448,0.5957465923770381,0.667097232762523,0.3177606040900415,0.05490277941187445,0.5432661332021212,0.6631772638620116,0.2895694774942105,0.032285159219366394,0.7293939940346328,0.00115644555063692,1.6058211676908796,0.5934193800751196,57.16170347512418,0.5422545063148221,0.5044104971865799,1.3166730012854337,0.41892732102959995,0.7725658637244762,Avg,02-B08
5.939616168793285,3.6084216210406463,17.495608279706303,6.159507557852458,3.029159301914935,0.672540312277436,0.7785699141311839,0.33393744168826045,0.06054499184198627,0.647492206081189,0.7688274514504734,0.23383110477748814,0.013036333906233401,0.2918438370272682,0.0009958530152481388,1.074523461447147,0.637111349190119,57.15567598024097,0.6764640578075127,0.15235462941675237,3.456066991623894,0.5427487056028042,0.8023319189520678,Avg,02-C08
4.544578484503479,3.4082413972574273,8.721141046703979,3.0519345492239536,1.2006522722681332,0.479156336318698,0.8108812904517457,0.39363328029966177,0.06633636505056466,0.28303518663272076,0.8034484576234926,0.27809501764593175,0.01980919160972032,0.5713249597070362,0.003535677633978575,1.4297016964969909,0.695831059498638,57.13090902428707,0.21968354839714171,0.31472490692109556,3.0935164903363317,0.17260668037672203,0.785705992260674,Avg,02-D09
5.486291239068852,3.724647055597952,13.461041666693069,3.1670259490769843,1.6505807192131912,0.7008448989235001,0.8683870105133209,0.3372481166539569,0.06447696514596063,0.6760260568955143,0.8668150242652075,0.2808174339823005,0.02131035617690236,0.6279050947096497,0.0015938424358836207,1.1433619805006408,0.6736673348750148,57.179359955099,0.6832427575360535,0.34611559644820034,3.3785314591497517,0.5689579820875152,0.8327318157594849,Avg,02-E11
4.816359209799151,2.47387957073796,13.943595741029236,6.33756901313093,2.609274086128813,0.5021855553515079,0.8015295309886352,0.300625724414958,0.04021988077904085,0.3879733501486249,0.8006437145861646,0.2894346630633299,0.03832328866487988,0.8192824007295465,0.0032389454423697693,1.3440732159173503,0.6630472819455355,57.183444741720244,0.35419101993049357,0.5181790214748521,1.955700549263108,0.2626950133718084,0.7416760973312074,Avg,03-B01
5.81117472674519,4.344247838349354,18.939636288054153,4.349357784083608,2.2480351495597777,0.40833449129652927,0.5947573561834779,0.4597146063523238,0.11095684999438084,0.1511137471697076,0.5214166961629546,0.22148547723365886,0.02089783832389338,0.3660385478034896,0.00023390056123618588,1.3518863407311772,0.5543177050095025,57.08252680907363,0.11502663040156787,0.1914570528827113,4.152790785466642,0.08424792615699676,0.7324210564360618,Avg,03-C09
5.611082156557231,3.3345478737717453,14.144350751475546,3.653257515081008,1.911774052550787,0.447208882981891,0.7014520695197997,0.3763561685883647,0.08073071430624439,0.24538249973679618,0.6887235466081549,0.29599437995691685,0.02247742500774408,0.6913517485623037,0.0006533544555065513,1.482191282750597,0.6614597974280993,57.161500164842295,0.19632225744474402,0.3916840227596623,2.942863851012083,0.14677827301127916,0.7476394929525029,Avg,03-E06
5.752613688326047,3.855544013190636,15.959562958830396,3.14933295246393,1.6036449530717787,0.447664127045817,0.7154498023405061,0.4210734352763408,0.09121234058893146,0.22950246658140142,0.6926460605994398,0.2467923954690661,0.02146788764644626,0.7654493882076125,0.0006248772661616198,1.3031965641816043,0.731030816341806,57.15892572474771,0.17779203330848506,0.43087755261387883,3.4246664605767574,0.1351530883821107,0.7601751657095233,Avg,03-F07
5.2591723966174895,2.658479357646563,12.710220932338949,5.357826505992523,2.5614134892063944,0.46055442271168767,0.7407348105746732,0.32741994137075886,0.055521764073336304,0.2863166252266286,0.7304385431596556,0.26951031663838104,0.020317850182480945,0.5415160622966937,0.0014894264974686573,1.3826509493534338,0.7116712518572763,57.16835018346208,0.23832972664793126,0.30597359073411035,2.3525057669124525,0.1772771941258246,0.7438316512975508,Avg,04-C12
5.681043636506768,3.7576346031757133,15.174090118603644,3.5830805339403224,1.796643637596684,0.43407210471870206,0.7011473272734827,0.41424936878834934,0.08950284318766283,0.20484499855239507,0.6831614174137768,0.34612617405748747,0.03277739833203204,0.5180774738710348,0.0004477396186996659,1.4012850358812927,0.6890429977846158,57.171609429255234,0.15828229176836273,0.2798859299292591,3.477748673246454,0.11863416719027756,0.7495100422471266,Avg,04-F04
5.560304492774957,3.032823283595077,15.420413256954198,4.5908602676365735,2.2829932021275257,0.4628071255217612,0.7060083970162323,0.4039970659559215,0.08178526165943996,0.2865131813031008,0.6967809806364414,0.28832379268660685,0.030338613209527465,0.8674658141271028,0.000261665481773028,1.4354069179550182,0.6943485552960645,57.18385343177047,0.23671328362680238,0.5244091176196068,2.50841416597547,0.17716732862585957,0.7484469224176628,Avg,04-H07
5.870694495634332,3.3112077963039663,16.905986740156877,5.970036785251088,2.8671660475252443,0.45340872129775023,0.6536737578846658,0.3502825700130356,0.06976032442418621,0.27645445778776323,0.6256308918104996,0.23460514758485373,0.012745680441269579,0.4804941177528594,0.0007594269371519643,1.4910593724633103,0.6377706648113954,57.170251112909895,0.2309811520762513,0.2607862279221749,3.0504215683817915,0.17015511347209808,0.7366623291234023,Avg,05-B02
4.777450405987671,2.1959365988033355,8.546459502570734,2.5364685904826385,1.2653149220205404,0.5467742912595166,0.81156949675447,0.32278316729026457,0.05873120185870264,0.432254786370602,0.8069157952153839,0.2954211732019643,0.026612004315313763,0.5916168419787055,0.004171557234554754,1.3495438465975615,0.7291462959395565,57.173239969847145,0.3720692818768702,0.3523424893560083,1.8435941094473272,0.29654175716167597,0.7970068253573571,Avg,05-D09
5.534927643696655,2.881970125322054,15.313429100189154,8.954147647292324,3.554512560359126,0.4415066342955584,0.723131376991259,0.3052857540965498,0.04795616767724268,0.2928854869194429,0.7209777369542427,0.3047557235712659,0.034523512568114145,0.8258738269752538,0.0013588294276688645,1.457883204299726,0.6743939655845502,57.166992885949526,0.2656690336429428,0.49951488124359855,2.3824552440784554,0.18534804559868703,0.6976652229924298,Avg,08-F07
6.719809552868044,6.785819600409764,26.935850557726074,7.513304996326599,3.753603546075801,0.5231028702047108,0.654811628973422,0.8709767377838569,0.458856671269469,0.11049330428195221,0.4908924053582948,0.26263438219056784,0.019330111495680466,0.5095643556413987,3.097401291571707e-05,1.584104503115467,0.5030967148634107,11.749548584773484,0.059249609462221534,0.26514206326603684,6.520677537143727,0.05851999470442415,0.9876857457049975,Max,02-A02
6.747592156543037,6.832333032959932,26.638180033648922,7.119307375170123,3.5978080813861344,0.5934986077481057,0.5052605786580643,0.6339059946240523,0.37339502677936426,0.349030028329057,0.04892708686275919,0.24186324851545093,0.0217588904897311,0.8569346503470766,0.0013633911542424132,1.1115581183314207,0.3713528191656725,13.905409384147012,0.2181730250892022,0.4593502880018221,6.37298274495811,0.21258948272828865,0.9744077327679228,Max,02-B08
7.041546894616419,7.1333610041479325,33.63072472603247,10.316438341387048,4.930920317369888,0.6300227058493373,0.7033853208016806,0.7271116548600821,0.4715163528285462,0.4127867979851632,0.5783093154670468,0.0861356676524623,0.004503248281406181,0.1830841217401978,1.0445874810579151e-05,0.9975579844083742,0.5525426184843433,13.589456664273245,0.260078864437916,0.09274797011188163,7.040613034036051,0.26007195983005393,0.9999734518686207,Max,02-C08
5.533028518362887,5.625057445860505,11.7348609656203,5.558103000025351,2.192361681825868,0.5391406478904638,0.7622254644414932,0.815010336406432,0.4728099294837045,0.1506706430307581,0.6889941742488745,0.18034095310768514,0.011173399734954457,0.31804372303112216,0.000731004800826278,1.2311679527927235,0.5073716504846171,13.624771091057347,0.0817572340952783,0.16379115360878949,5.4612662922517154,0.08149452903215496,0.9967867667487725,Max,02-D09
6.577766188449987,6.827328116295114,25.042595302218082,4.765677307876329,2.511691623300843,0.6568351161765864,0.8024113916518733,0.711060783686011,0.4791531879093329,0.47907635570172974,0.75548858409913,0.11229329150198583,0.006995054778284987,0.5262142383029337,0.0,1.6892428715524428,0.575653222186674,15.859658155916136,0.31559876754320515,0.2741125504146087,6.553215565880505,0.31513613156014286,0.9985341007930301,Max,02-E11
5.721720019590911,5.720861112144254,17.97460563692734,7.9904378090597525,2.463473819531649,0.5447422435160798,0.7608206643865111,0.4682693240209931,0.37309784339768937,0.24437781351528792,0.7272961721648346,0.3219351164987298,0.026566307203144388,0.9655962250220347,0.0033409576075913916,1.5589589815121356,0.6654575296531917,19.381676038384644,0.14773984824219769,0.53233218632265,5.188528925821604,0.14024107729889831,0.9492434097332614,Max,03-B01
6.895059176772362,7.003765359674111,37.754998147760574,8.51267544550692,4.395605491449463,0.5157500063007645,0.5115635008888264,0.9361766291807171,0.4786869203720917,0.06549041307069568,0.04916431925061788,0.2199760522520849,0.018610603197945615,0.3157718514048963,2.3325786177974644e-05,1.4164992490502326,0.44157161875507384,12.526124849549964,0.033936431476421176,0.16161527645033402,6.842150083223777,0.033856461993115934,0.997643550608413,Max,03-C09
6.591119601345721,6.705144343810471,23.470391444828994,6.291709953098738,3.354764927747392,0.5280098072274738,0.6114125345772575,0.7929776325205855,0.453222948838825,0.1263368225625453,0.3784661238776488,0.2943696186089649,0.01362944680166819,0.5310002598429648,0.00026540594468166023,1.5080626537584665,0.49690197225668786,13.831121718334611,0.06826281474482761,0.27693833911411225,6.428206004696359,0.06748046483829125,0.9885391496166565,Max,03-E06
6.7017599882237455,6.92200591701033,25.429881700846753,5.848649082160404,2.9937666906247613,0.5279092675992998,0.6644332099645136,0.8733807718021096,0.4842529912352719,0.10621776266335295,0.49504640076630907,0.10089519482803878,0.016089267361716456,0.4394228776852921,0.0,0.9580785396460889,0.553966156074941,12.234573338214123,0.056103627218503586,0.22716659915148618,6.694839317858844,0.056088482211900596,0.9997300529866989,Max,03-F07
6.258573637403804,6.381729621157897,19.703306485553142,8.228398837163805,3.9194229676045755,0.5293923105648998,0.6756555633733496,0.680483827721406,0.4487762437145198,0.11827335671452541,0.5214597294269385,0.11887922934286665,0.007690830449372248,0.34536202333350624,0.0004966632251604374,1.2191467885596294,0.5304280027028453,13.090208275074373,0.06312773362364918,0.17762490771263373,6.204104713445263,0.0628698428359874,0.9959147782938121,Max,04-C12
6.705455569508183,6.7980038118761135,25.57589909463456,6.299755862855624,3.2067396334807814,0.5242176517277556,0.6510053480271841,0.8213676104610754,0.4571102005402898,0.10734475568863588,0.48372723755704017,0.2696331428465809,0.019613205233510324,0.36956509353929895,9.266923741252983e-06,1.6003997845964144,0.5520772132873597,14.464835436025894,0.05721883090620511,0.19009843290209005,6.607905378974023,0.056743448556525924,0.9916918548989851,Max,04-F04
6.336805047400668,6.446186743583123,21.092831355705606,8.664022984395542,4.278398964722308,0.5354514972218718,0.6383927283419836,0.8259063132725132,0.4468064408881654,0.1382381483283034,0.43687117878244675,0.171278189177177,0.01551806120739256,0.34556573816004954,7.072323715739521e-05,0.9709359995407789,0.49233848038421557,13.610783727032151,0.07452078491361162,0.1776803877933677,6.268506355789755,0.0742698818233664,0.9966331126203772,Max,04-H07
6.916777521146424,6.9903581430554045,29.772192313362865,10.29440347809496,4.80981337560402,0.5283125684164781,0.5984345432703516,0.7508290752805503,0.44130153357346485,0.12871311833073887,0.3447911427288912,0.20063684678097593,0.009795219354382385,0.4980157400384351,0.0006678416970548992,1.5179195670166856,0.47329716693793705,12.617584797847305,0.06969318937050252,0.25857243027956756,6.731785712775837,0.06884177303051549,0.9877833638024407,Max,05-B02
5.712572510048357,5.827186573442574,12.822189821451225,3.233031161836221,1.688173779087881,0.5717637588491953,0.743510060706934,0.653455961562339,0.470574122142299,0.25174306425671533,0.6551043344266625,0.10152316756257823,0.011433208657777411,0.23719027064271897,3.61907344123731e-05,0.9254861361885756,0.539536695443335,16.651740428304407,0.14407555945525494,0.12111233598820803,5.706074237454366,0.1440065435392409,0.9995209741591496,Max,05-D09
6.295824700390407,6.317553693898126,19.714812010705153,6.884420067086976,3.1759217858537583,0.519203537805857,0.6519799187116511,0.48832339098987154,0.3987057004501394,0.10262424717215568,0.4720452349676241,0.10422938961204832,0.008982712886975067,0.33726853364926196,0.001877827326449006,1.1420339611366166,0.4889279566219201,12.680473698381494,0.05499923365797265,0.17339326463912563,6.144160429259,0.054134251060675306,0.9842728245510388,Max,08-F07
