EN,MI,SD,SF,AG,SSIM,MS_SSIM,Qabf,VIF,Nabf,SCD,CC,PSNR,MI_A,MI_B,SSIM_A,SSIM_B,method,stem
6.031665917322624,1.3082081908307952,16.091639814424116,18.51690610704782,11.942143144289087,0.2506755923218192,0.6573819201050584,0.2359968018156554,0.023214020455029415,0.07526478312455405,0.9050776427461703,0.48088909638122923,24.38768936544241,0.11836249663527454,1.1898456941955207,0.04856112133504441,0.452790063308594,MDFNet,02-A02
6.095570346984449,1.0605529232008308,16.663161187915897,18.62169221458819,11.802819247596323,0.3401131074833189,0.5913744931401499,0.2127840045730026,0.025091672208785047,0.08447872062284417,1.1323334320585339,0.41591392709494657,24.20307664955677,0.11850250599631629,0.9420504172045145,0.18722399189444536,0.4930022230721925,MDFNet,02-B08
6.3482982739597045,1.8440496356219356,19.98300736154167,19.121266758064504,11.950437106509714,0.3684096773704992,0.7267358661106561,0.25224498709958787,0.024246178196499726,0.08917986172662253,0.7993130344946151,0.5102129915271154,25.4726924032838,0.0717383072015707,1.7723113284203649,0.23313414961309384,0.5036852051279045,MDFNet,02-C08
5.580991538538994,1.2924583110804306,11.974981077109655,17.665547747925782,11.656229254606433,0.25471388446025467,0.7515607397393822,0.26631464314058656,0.023744570135386188,0.1778846588258744,0.759317685823194,0.41114415782657854,27.03344664232672,0.12107759426179499,1.1713807168186356,0.07527117731575195,0.43415659160475745,MDFNet,02-D09
6.156875415319139,1.8298240345192802,17.913634562064395,17.185219476677467,11.265647352220196,0.3683357032419976,0.8132469422096629,0.23200646082596554,0.02318036430132932,0.1274063734309343,0.845369058181187,0.5262702300532797,27.831974023896592,0.195119562584388,1.6347044719348922,0.2629360665859357,0.47373533989805955,MDFNet,02-E11
5.29363676059764,1.2790557934107785,13.633716384047165,14.107925939824895,9.112452144696954,0.2790829272227472,0.756949074883174,0.2061777072267173,0.022637236630530404,0.14031257602516023,1.1334484218162215,0.5991380603605252,21.89983208230583,0.21758372549678562,1.0614720679139928,0.2929000912874507,0.2652657631580437,MDFNet,03-B01
6.493605525817578,1.880681975798339,23.6192102733855,18.870092200036776,12.089041635929897,0.2653033319560896,0.5541443724267762,0.42032967532213383,0.03225979684550748,0.06306141082405063,1.1183410144106394,0.44505064367568137,27.11868078058812,0.10795932504892036,1.7727226507494187,0.04078237539265058,0.4898242885195287,MDFNet,03-C09
6.103725028953996,1.3419179139454478,16.881687802268544,18.137946908886192,11.859436304773942,0.26593466109911346,0.6486252330701114,0.30159808988256065,0.02490514156541704,0.08130441405583871,1.054292069449359,0.4820014759810892,26.821227317185873,0.13655649551079918,1.2053614184346486,0.0671267403347035,0.4647425818635234,MDFNet,03-E06
6.107286607489001,1.5487249448519371,16.82101965412008,17.876083346766443,11.711486119576898,0.260338309374488,0.6647938369200158,0.28805394264946727,0.024772537175762756,0.08981695375578713,0.7270911436440486,0.5476662223590822,26.285948020954912,0.17418673310989874,1.3745382117420384,0.06287994576373146,0.45779667298524446,MDFNet,03-F07
5.837111605436563,1.131709790847415,14.239087880025105,17.6565724268511,11.636631394552914,0.27381586792754486,0.6907262284312053,0.21865083832098856,0.02164030369645431,0.08444260759574088,0.7854973739464439,0.4961596039291368,26.135764393493517,0.13690664455616464,0.9948031462912503,0.07863940436997358,0.46899233148511615,MDFNet,04-C12
6.23358653517071,1.579415429897228,18.610154661617578,18.304591352079097,11.893280982513437,0.25559797148868874,0.6491198701795012,0.3483667431762518,0.027220881352031014,0.1085496910366898,0.9915010325216795,0.518428523037507,27.329072238332376,0.11135024081743161,1.4680651890797964,0.06236443220182567,0.44883151077555183,MDFNet,04-F04
5.915614222726607,1.072022664862951,14.924460812091729,17.33841390791236,11.455568818867027,0.29547322504514395,0.6554606149053976,0.28525138727407934,0.024981473185655016,0.056904287933012124,0.8582500308825677,0.5162599592175099,26.02233105473371,0.16532158852578505,0.9067010763371659,0.09218332441222396,0.49876312567806397,MDFNet,04-H07
6.221539909979612,1.4301043158148268,18.305960124715803,19.008011895511213,12.230990312028062,0.28257804604935627,0.604347634909586,0.2871388867889758,0.027103673147822364,0.06423705957600828,1.028950675267298,0.460669323317859,24.994230860518325,0.11588069395581613,1.3142236218590106,0.07398735119144743,0.4911687409072651,MDFNet,05-B02
5.755653187639893,1.247214686001973,13.2606708359677,18.187473826358268,11.796683475420448,0.2777300939469852,0.756243928199108,0.24325226887380957,0.023632710796652433,0.24444266318595184,0.8294675243663673,0.48169939692948294,28.26363895477804,0.10659550333136103,1.140619182670612,0.14738654395581324,0.40807364393815715,MDFNet,05-D09
5.842052308434031,1.0500751216242392,13.99388188822328,17.576362441018897,11.552784759788839,0.2597765661732614,0.6690878905922013,0.13674142056595237,0.01735412210938325,0.07852605702488732,0.8493582393617527,0.48802372916753073,25.908488699608494,0.13795197834275186,0.9121231432814874,0.0792352499720342,0.4403178823744886,MDFNet,08-F07
6.2375495031094665,1.3849146216670771,29.980310849333375,11.951500180800691,5.322827614374293,0.34406198249187847,0.47704550426129083,0.20473879368908462,0.019149065005089456,0.32596554179830856,0.9435625981725286,0.40597423931927085,6.136438008858299,0.1673822079894638,1.2175324136776133,0.03921625470951401,0.648907710274243,MDFNet-a2,02-A02
6.230813094538163,3.0618642413528843,19.67794792705776,9.008028123703488,3.61189038734093,0.5212411186455292,0.4731869054032542,0.38994984129845245,0.05467952469484211,0.08626299192556577,1.0261688268211318,0.36352412772707754,9.391754344572332,0.23176439470850063,2.8300998466443836,0.17126441587224542,0.871217821418813,MDFNet-a2,02-B08
6.538009766907588,3.5250854924640063,25.16999086789854,9.193409086772236,4.443286268832122,0.5601362233919299,0.7057664580136126,0.46787798633185357,0.05050134774235689,0.0914830781849995,0.8724370711552877,0.5392152420294258,10.194757540298326,0.08589876106648653,3.4391867313975197,0.23001495760907914,0.8902574891747806,MDFNet-a2,02-C08
5.214861208651764,1.381424910702985,21.390626516670157,15.858881038344627,4.891010218786065,0.34722925543387384,0.5755459902831264,0.19143570140489205,0.017867559643986272,0.3426563671396193,0.6405657900167377,0.3290898815897389,4.0117847367451445,0.14948090637342926,1.2319440043295558,0.03812979798401111,0.6563287128837366,MDFNet-a2,02-D09
6.15282871167336,2.4758749664400046,20.500957161042418,13.742991037968089,4.526100192190924,0.47401671552276775,0.7404253514014327,0.27697615506658596,0.02407855017610992,0.3546095137630301,0.7670651646730423,0.495258631206145,8.415005056315163,0.23674561418677165,2.239129352253233,0.17614755629919907,0.7718858747463364,MDFNet-a2,02-E11
5.982225302517211,0.6714443477860002,26.597000886130633,24.01776612924873,11.544999068606861,0.14127328930567556,0.4639406648388865,0.07207113749791204,0.006321943082239122,0.5727084119515802,0.33620292882215985,0.18321614789859447,4.979375796637703,0.26532138545611694,0.4061229623298832,0.031078680113168007,0.25146789849818313,MDFNet-a2,03-B01
6.446195537313024,2.3869834518869695,49.44097095137976,18.224458452143445,6.813918035698587,0.3290048892912185,0.4499956254471711,0.286028717567102,0.0302865728770819,0.2644860055647723,1.1040676062636365,0.43910403709370427,4.749079599923911,0.1354883833712197,2.2514950685157498,0.017860649917681024,0.640149128664756,MDFNet-a2,03-C09
6.3858801801284795,1.839980620186731,37.817058733404764,17.1212472162265,6.212151594922831,0.32482967075296537,0.48675558494419,0.2128683206555279,0.02483905742365615,0.3298957460832078,1.1310836612773145,0.4654334177970539,4.6012531723843475,0.18981460363827551,1.6501660165484555,0.03217486172213976,0.617484479783791,MDFNet-a2,03-E06
5.990746325876414,1.9684366161787707,33.376273207159244,13.256044377894433,4.984520742352281,0.35402072104368687,0.5146685930028698,0.18507937513101144,0.0238977487037121,0.2516672094276296,0.792497272686872,0.45795672786104485,4.967787710302444,0.24377653160103918,1.7246600845777316,0.04086696097724409,0.6671744811101297,MDFNet-a2,03-F07
5.976139179681669,1.3239776205096305,16.692543590038316,13.261290057884366,5.415315913237476,0.4015356779659309,0.6292157960989705,0.2640965774318571,0.018968916791195774,0.2917970152858489,0.8044701874850775,0.4750218555736591,7.551092369416925,0.1579841901500565,1.165993430359574,0.045777529364720675,0.7572938265671412,MDFNet-a2,04-C12
6.608736689086486,1.981014993031108,44.22702556834865,17.70381391096387,7.014817346542722,0.30606628042643513,0.4955509938884737,0.23343781968360677,0.027956848656377497,0.3808156712638902,1.0555651316078023,0.48455007022251273,4.420592152627995,0.16303938583123845,1.8179756071998696,0.024988298308185497,0.5871442625446848,MDFNet-a2,04-F04
5.724911959875118,1.3075277087528843,16.180169282242648,12.739249746697302,5.097404158595023,0.4209214215747763,0.6278244047394945,0.3878792539968578,0.02416209868304721,0.16238621790002974,0.9770206891404736,0.538724374879059,8.20099871129679,0.24221916170257352,1.0653085470503108,0.06836524303222101,0.7734776001173316,MDFNet-a2,04-H07
6.510403694560879,3.1458776661693406,22.54922810388494,11.085377052737462,4.599552259979494,0.4644215930669682,0.5985774568600752,0.5065530699718123,0.05714280754140674,0.08315217110377475,1.1553972783553519,0.46757243593010867,8.725016023451893,0.14805851574385898,2.9978191504254816,0.05276937697571576,0.8760738091582206,MDFNet-a2,05-B02
6.095378569998063,1.2425664160895522,24.1692355172558,19.003049196214175,7.5640199807873145,0.26030905449556196,0.5727722701630075,0.10690804104622727,0.017355195304799082,0.6087285496307739,0.7744065495190707,0.41564421375871907,4.4507490319322045,0.1693209094873609,1.0732455066021913,0.045719040974703556,0.47489906801642034,MDFNet-a2,05-D09
5.661354790229567,1.6863533539601399,15.273331356903036,8.8745625001128,3.760274280680446,0.4354848336254378,0.6497942837437723,0.20492391340075164,0.022055552914467702,0.11797696081215549,1.011890445528139,0.5297474445628999,8.691409584689698,0.19501303584124585,1.491340318118894,0.049628694850592805,0.8213409724002827,MDFNet-a2,08-F07
6.721413092474691,1.7125213415315645,25.972171034553433,17.81641917623387,11.104822483816044,0.3052049824829406,0.6394120901948391,0.19791972485659137,0.029487605933362818,0.39101350071654883,1.048958161271654,0.4648435518236818,14.689898023898856,0.12174062494598736,1.5907807165855772,0.034277550650238686,0.5761324143156424,Retrained,02-A02
6.634463213136355,1.515133587386341,24.239445659464607,19.02206382339081,11.875293482659876,0.3495226781675248,0.5823400985088714,0.17146910622606495,0.031457799368947506,0.4520881954540409,1.2533260189611202,0.4091784791759351,17.434107500642682,0.18824648330871696,1.326887104077624,0.13141069639973696,0.5676346599353126,Retrained,02-B08
6.904064577114907,1.8786079173682744,29.97367800093396,17.807080946207805,11.024232228541434,0.3644132897943895,0.6987231744355694,0.14410034377857714,0.024545060886364517,0.35347334081838494,1.0051181058718632,0.5443467757887398,16.472405185691304,0.09374283312915921,1.7848650842391152,0.1820519881271643,0.5467745914616148,Retrained,02-C08
5.7835806755634085,0.8820566317691725,13.535601578354,20.237643040335797,12.927056126361718,0.23469760291410136,0.7402365507878431,0.10704138042887838,0.020397417960159297,0.5311698925330989,0.49960148016595574,0.3232239959661426,16.205848273732006,0.08046919404084996,0.8015874377283225,0.04236801130170611,0.4270271945264966,Retrained,02-D09
6.378438074682272,1.5219266040546362,20.738997572570817,22.208132488254634,13.939955756271079,0.2579878894822132,0.7976449981222453,0.06427164375278799,0.019899326432986718,0.7280328352343931,0.8226928040262673,0.49709528071850817,19.180331635062547,0.19738517565531133,1.3245414283993249,0.14191548609971094,0.3740602928647154,Retrained,02-E11
5.99212872006493,0.836938076194091,16.202769625133165,25.80055848940745,15.820486368703685,0.17223320365289382,0.7242984648396418,0.05701271234296286,0.0177454588392298,0.6126268117270237,0.6474844059805245,0.39293539838987923,19.28307774367402,0.15626930191573507,0.6806687742783559,0.042236941602428565,0.30222946570335907,Retrained,03-B01
6.88755270433964,1.9250113467622416,30.721851748597715,20.35675508097312,12.479747819825697,0.30229313723154333,0.4803546141897684,0.22478257877414728,0.03390593151950843,0.3847140661282586,1.013817667289043,0.41277949500122596,15.843874303163094,0.12209840885185486,1.8029129379103868,0.021982589552054125,0.5826036849110325,Retrained,03-C09
6.412716127212933,1.3958515003738938,20.759688736107265,21.23567975099824,13.353048134369315,0.2477444653731326,0.48431729773167165,0.11593175337833007,0.024720244972466263,0.5399960004703832,0.5930128233152528,0.3443498946911405,16.765632571973562,0.17192454223726372,1.22392695813663,0.03165413312324612,0.4638347976230191,Retrained,03-E06
6.601802772023262,1.7129784676729738,23.61790510285869,18.641151669403655,11.654537379186639,0.29474998625193255,0.655789263478181,0.18819710119797242,0.030714467891415433,0.4756674764479983,0.8173907304490744,0.5307971130210369,15.624251978718009,0.15667871486242468,1.556299752810549,0.03962423767388101,0.5498757348299841,Retrained,03-F07
6.232488264953968,1.1364051645771642,18.60790544514811,19.823383546141635,12.599482615998362,0.2658648406244714,0.6855955561287829,0.14417823949886352,0.022871604535451253,0.4382957406839825,0.9560354132208353,0.5092709557174697,16.06554288554531,0.1497103305408629,0.9866948340363013,0.043892738402095906,0.4878369428468469,Retrained,04-C12
6.35680569295072,1.2839249021960946,20.064220539540514,21.71354807577438,13.608982429497464,0.24473839386460514,0.6370407462080037,0.12437215448056603,0.026010898154312595,0.5295098590688896,0.711170740299868,0.42925132089586976,16.44436406709279,0.08896338588118802,1.1949615163149065,0.0288183515794732,0.46065843614973706,Retrained,04-F04
6.336250840929363,1.1503222636098869,19.868345989613097,21.082908672034083,13.3607095599664,0.2754265666092529,0.47861105279673183,0.19697551979133682,0.026448173247538304,0.40141756355926617,0.15073042496238942,0.27407638173460064,17.02092708467185,0.1950433294044398,0.9552789342054471,0.04682326309801382,0.504029870120492,Retrained,04-H07
6.623242520431429,1.6093722000462236,24.034703834304786,20.12634711145945,12.577839626222874,0.29970536952739,0.6034324702392938,0.19847545703660174,0.029599578121944765,0.37091696453810874,1.050209556724912,0.4375394887779971,16.649321078170345,0.1497208525433944,1.4596513475028292,0.043157537842514276,0.5562532012122657,Retrained,05-B02
5.840857131151284,0.8823761214598154,14.31771826752965,23.21614098821905,14.542341830199254,0.20493483022397344,0.7369517147153093,0.04525865545188683,0.02122238403726263,0.8038696492830641,0.5155675217227879,0.34998372582691073,18.03186615336506,0.07046332277825407,0.8119127986815613,0.06140317993172822,0.34846648051621865,Retrained,05-D09
6.370975707681804,1.2076976871805307,20.15286864441226,20.0186406723184,12.58222895930763,0.24496882418709834,0.467536643006356,0.09178113215598681,0.019845997962685363,0.39583832491677007,0.12448366072515171,0.24506462317057173,15.95714322522342,0.19987504223587038,1.0078226449446603,0.026575856148553616,0.46336179222564305,Retrained,08-F07
5.715854885869158,3.993194370008016,17.21889046289802,4.028198378056985,2.0104229551955775,0.4290054010822259,0.7074186601721565,0.43635706016866815,0.09434183105346375,0.0004089208799411945,1.4878061970480956,0.6661623983790528,57.13326491229588,0.29241838452703917,3.700775985480977,0.112825480104611,0.7451853220598408,Avg,02-A02
5.909650258548446,1.8210834984720137,17.706742592690954,4.828560951326955,2.5507206079226448,0.5957465923770381,0.667097232762523,0.3177606040900415,0.05490277941187445,0.00115644555063692,1.6058211676908796,0.5934193800751196,57.16170347512418,0.5044104971865799,1.3166730012854337,0.41892732102959995,0.7725658637244762,Avg,02-B08
5.939616168793285,3.6084216210406463,17.495608279706303,6.159507557852458,3.029159301914935,0.672540312277436,0.7785699141311839,0.33393744168826045,0.06054499184198627,0.0009958530152481388,1.074523461447147,0.637111349190119,57.15567598024097,0.15235462941675237,3.456066991623894,0.5427487056028042,0.8023319189520678,Avg,02-C08
4.544578484503479,3.4082413972574273,8.721141046703979,3.0519345492239536,1.2006522722681332,0.479156336318698,0.8108812904517457,0.39363328029966177,0.06633636505056466,0.003535677633978575,1.4297016964969909,0.695831059498638,57.13090902428707,0.31472490692109556,3.0935164903363317,0.17260668037672203,0.785705992260674,Avg,02-D09
5.486291239068852,3.724647055597952,13.461041666693069,3.1670259490769843,1.6505807192131912,0.7008448989235001,0.8683870105133209,0.3372481166539569,0.06447696514596063,0.0015938424358836207,1.1433619805006408,0.6736673348750148,57.179359955099,0.34611559644820034,3.3785314591497517,0.5689579820875152,0.8327318157594849,Avg,02-E11
4.816359209799151,2.47387957073796,13.943595741029236,6.33756901313093,2.609274086128813,0.5021855553515079,0.8015295309886352,0.300625724414958,0.04021988077904085,0.0032389454423697693,1.3440732159173503,0.6630472819455355,57.183444741720244,0.5181790214748521,1.955700549263108,0.2626950133718084,0.7416760973312074,Avg,03-B01
5.81117472674519,4.344247838349354,18.939636288054153,4.349357784083608,2.2480351495597777,0.40833449129652927,0.5947573561834779,0.4597146063523238,0.11095684999438084,0.00023390056123618588,1.3518863407311772,0.5543177050095025,57.08252680907363,0.1914570528827113,4.152790785466642,0.08424792615699676,0.7324210564360618,Avg,03-C09
5.611082156557231,3.3345478737717453,14.144350751475546,3.653257515081008,1.911774052550787,0.447208882981891,0.7014520695197997,0.3763561685883647,0.08073071430624439,0.0006533544555065513,1.482191282750597,0.6614597974280993,57.161500164842295,0.3916840227596623,2.942863851012083,0.14677827301127916,0.7476394929525029,Avg,03-E06
5.752613688326047,3.855544013190636,15.959562958830396,3.14933295246393,1.6036449530717787,0.447664127045817,0.7154498023405061,0.4210734352763408,0.09121234058893146,0.0006248772661616198,1.3031965641816043,0.731030816341806,57.15892572474771,0.43087755261387883,3.4246664605767574,0.1351530883821107,0.7601751657095233,Avg,03-F07
5.2591723966174895,2.658479357646563,12.710220932338949,5.357826505992523,2.5614134892063944,0.46055442271168767,0.7407348105746732,0.32741994137075886,0.055521764073336304,0.0014894264974686573,1.3826509493534338,0.7116712518572763,57.16835018346208,0.30597359073411035,2.3525057669124525,0.1772771941258246,0.7438316512975508,Avg,04-C12
5.681043636506768,3.7576346031757133,15.174090118603644,3.5830805339403224,1.796643637596684,0.43407210471870206,0.7011473272734827,0.41424936878834934,0.08950284318766283,0.0004477396186996659,1.4012850358812927,0.6890429977846158,57.171609429255234,0.2798859299292591,3.477748673246454,0.11863416719027756,0.7495100422471266,Avg,04-F04
5.560304492774957,3.032823283595077,15.420413256954198,4.5908602676365735,2.2829932021275257,0.4628071255217612,0.7060083970162323,0.4039970659559215,0.08178526165943996,0.000261665481773028,1.4354069179550182,0.6943485552960645,57.18385343177047,0.5244091176196068,2.50841416597547,0.17716732862585957,0.7484469224176628,Avg,04-H07
5.870694495634332,3.3112077963039663,16.905986740156877,5.970036785251088,2.8671660475252443,0.45340872129775023,0.6536737578846658,0.3502825700130356,0.06976032442418621,0.0007594269371519643,1.4910593724633103,0.6377706648113954,57.170251112909895,0.2607862279221749,3.0504215683817915,0.17015511347209808,0.7366623291234023,Avg,05-B02
4.777450405987671,2.1959365988033355,8.546459502570734,2.5364685904826385,1.2653149220205404,0.5467742912595166,0.81156949675447,0.32278316729026457,0.05873120185870264,0.004171557234554754,1.3495438465975615,0.7291462959395565,57.173239969847145,0.3523424893560083,1.8435941094473272,0.29654175716167597,0.7970068253573571,Avg,05-D09
5.534927643696655,2.881970125322054,15.313429100189154,8.954147647292324,3.554512560359126,0.4415066342955584,0.723131376991259,0.3052857540965498,0.04795616767724268,0.0013588294276688645,1.457883204299726,0.6743939655845502,57.166992885949526,0.49951488124359855,2.3824552440784554,0.18534804559868703,0.6976652229924298,Avg,08-F07
6.719809552868044,6.785819600409764,26.935850557726074,7.513304996326599,3.753603546075801,0.5231028702047108,0.654811628973422,0.8709767377838569,0.458856671269469,3.097401291571707e-05,1.584104503115467,0.5030967148634107,11.749548584773484,0.26514206326603684,6.520677537143727,0.05851999470442415,0.9876857457049975,Max,02-A02
6.747592156543037,6.832333032959932,26.638180033648922,7.119307375170123,3.5978080813861344,0.5934986077481057,0.5052605786580643,0.6339059946240523,0.37339502677936426,0.0013633911542424132,1.1115581183314207,0.3713528191656725,13.905409384147012,0.4593502880018221,6.37298274495811,0.21258948272828865,0.9744077327679228,Max,02-B08
7.041546894616419,7.1333610041479325,33.63072472603247,10.316438341387048,4.930920317369888,0.6300227058493373,0.7033853208016806,0.7271116548600821,0.4715163528285462,1.0445874810579151e-05,0.9975579844083742,0.5525426184843433,13.589456664273245,0.09274797011188163,7.040613034036051,0.26007195983005393,0.9999734518686207,Max,02-C08
5.533028518362887,5.625057445860505,11.7348609656203,5.558103000025351,2.192361681825868,0.5391406478904638,0.7622254644414932,0.815010336406432,0.4728099294837045,0.000731004800826278,1.2311679527927235,0.5073716504846171,13.624771091057347,0.16379115360878949,5.4612662922517154,0.08149452903215496,0.9967867667487725,Max,02-D09
6.577766188449987,6.827328116295114,25.042595302218082,4.765677307876329,2.511691623300843,0.6568351161765864,0.8024113916518733,0.711060783686011,0.4791531879093329,0.0,1.6892428715524428,0.575653222186674,15.859658155916136,0.2741125504146087,6.553215565880505,0.31513613156014286,0.9985341007930301,Max,02-E11
5.721720019590911,5.720861112144254,17.97460563692734,7.9904378090597525,2.463473819531649,0.5447422435160798,0.7608206643865111,0.4682693240209931,0.37309784339768937,0.0033409576075913916,1.5589589815121356,0.6654575296531917,19.381676038384644,0.53233218632265,5.188528925821604,0.14024107729889831,0.9492434097332614,Max,03-B01
6.895059176772362,7.003765359674111,37.754998147760574,8.51267544550692,4.395605491449463,0.5157500063007645,0.5115635008888264,0.9361766291807171,0.4786869203720917,2.3325786177974644e-05,1.4164992490502326,0.44157161875507384,12.526124849549964,0.16161527645033402,6.842150083223777,0.033856461993115934,0.997643550608413,Max,03-C09
6.591119601345721,6.705144343810471,23.470391444828994,6.291709953098738,3.354764927747392,0.5280098072274738,0.6114125345772575,0.7929776325205855,0.453222948838825,0.00026540594468166023,1.5080626537584665,0.49690197225668786,13.831121718334611,0.27693833911411225,6.428206004696359,0.06748046483829125,0.9885391496166565,Max,03-E06
6.7017599882237455,6.92200591701033,25.429881700846753,5.848649082160404,2.9937666906247613,0.5279092675992998,0.6644332099645136,0.8733807718021096,0.4842529912352719,0.0,0.9580785396460889,0.553966156074941,12.234573338214123,0.22716659915148618,6.694839317858844,0.056088482211900596,0.9997300529866989,Max,03-F07
6.258573637403804,6.381729621157897,19.703306485553142,8.228398837163805,3.9194229676045755,0.5293923105648998,0.6756555633733496,0.680483827721406,0.4487762437145198,0.0004966632251604374,1.2191467885596294,0.5304280027028453,13.090208275074373,0.17762490771263373,6.204104713445263,0.0628698428359874,0.9959147782938121,Max,04-C12
6.705455569508183,6.7980038118761135,25.57589909463456,6.299755862855624,3.2067396334807814,0.5242176517277556,0.6510053480271841,0.8213676104610754,0.4571102005402898,9.266923741252983e-06,1.6003997845964144,0.5520772132873597,14.464835436025894,0.19009843290209005,6.607905378974023,0.056743448556525924,0.9916918548989851,Max,04-F04
6.336805047400668,6.446186743583123,21.092831355705606,8.664022984395542,4.278398964722308,0.5354514972218718,0.6383927283419836,0.8259063132725132,0.4468064408881654,7.072323715739521e-05,0.9709359995407789,0.49233848038421557,13.610783727032151,0.1776803877933677,6.268506355789755,0.0742698818233664,0.9966331126203772,Max,04-H07
6.916777521146424,6.9903581430554045,29.772192313362865,10.29440347809496,4.80981337560402,0.5283125684164781,0.5984345432703516,0.7508290752805503,0.44130153357346485,0.0006678416970548992,1.5179195670166856,0.47329716693793705,12.617584797847305,0.25857243027956756,6.731785712775837,0.06884177303051549,0.9877833638024407,Max,05-B02
5.712572510048357,5.827186573442574,12.822189821451225,3.233031161836221,1.688173779087881,0.5717637588491953,0.743510060706934,0.653455961562339,0.470574122142299,3.61907344123731e-05,0.9254861361885756,0.539536695443335,16.651740428304407,0.12111233598820803,5.706074237454366,0.1440065435392409,0.9995209741591496,Max,05-D09
6.295824700390407,6.317553693898126,19.714812010705153,6.884420067086976,3.1759217858537583,0.519203537805857,0.6519799187116511,0.48832339098987154,0.3987057004501394,0.001877827326449006,1.1420339611366166,0.4889279566219201,12.680473698381494,0.17339326463912563,6.144160429259,0.054134251060675306,0.9842728245510388,Max,08-F07
